x_norm,density,cdf
0.0000,0.690333,0.012510
0.0050,0.739782,0.016103
0.0101,0.782151,0.019927
0.0151,0.818455,0.023948
0.0201,0.849562,0.028139
0.0251,0.876215,0.032476
0.0302,0.899052,0.036936
0.0352,0.918620,0.041503
0.0402,0.935387,0.046161
0.0452,0.949753,0.050898
0.0503,0.962062,0.055701
0.0553,0.972610,0.060562
0.0603,0.981647,0.065473
0.0653,0.989390,0.070425
0.0704,0.996025,0.075413
0.0754,1.001710,0.080433
0.0804,1.006581,0.085479
0.0854,1.010755,0.090548
0.0905,1.014331,0.095636
0.0955,1.017395,0.100741
0.1005,1.020021,0.105860
0.1055,1.022270,0.110991
0.1106,1.024198,0.116133
0.1156,1.025849,0.121284
0.1206,1.027264,0.126442
0.1256,1.028477,0.131608
0.1307,1.029516,0.136778
0.1357,1.030406,0.141954
0.1407,1.031168,0.147134
0.1457,1.031822,0.152317
0.1508,1.032382,0.157504
0.1558,1.032861,0.162693
0.1608,1.033272,0.167884
0.1658,1.033624,0.173077
0.1709,1.033925,0.178272
0.1759,1.034184,0.183468
0.1809,1.034405,0.188666
0.1859,1.034594,0.193864
0.1910,1.034757,0.199064
0.1960,1.034896,0.204264
0.2010,1.035015,0.209465
0.2060,1.035116,0.214666
0.2111,1.035203,0.219868
0.2161,1.035278,0.225070
0.2211,1.035342,0.230273
0.2261,1.035396,0.235475
0.2312,1.035442,0.240679
0.2362,1.035482,0.245882
0.2412,1.035516,0.251085
0.2462,1.035545,0.256289
0.2513,1.035569,0.261493
0.2563,1.035590,0.266697
0.2613,1.035607,0.271901
0.2663,1.035622,0.277105
0.2714,1.035634,0.282309
0.2764,1.035644,0.287513
0.2814,1.035653,0.292718
0.2864,1.035660,0.297922
0.2915,1.035665,0.303126
0.2965,1.035669,0.308331
0.3015,1.035672,0.313535
0.3065,1.035675,0.318739
0.3116,1.035676,0.323944
0.3166,1.035677,0.329148
0.3216,1.035677,0.334352
0.3266,1.035676,0.339557
0.3317,1.035675,0.344761
0.3367,1.035673,0.349966
0.3417,1.035670,0.355170
0.3467,1.035667,0.360374
0.3518,1.035664,0.365579
0.3568,1.035660,0.370783
0.3618,1.035655,0.375987
0.3668,1.035650,0.381192
0.3719,1.035645,0.386396
0.3769,1.035639,0.391600
0.3819,1.035632,0.396804
0.3869,1.035625,0.402009
0.3920,1.035617,0.407213
0.3970,1.035608,0.412417
0.4020,1.035599,0.417621
0.4070,1.035589,0.422825
0.4121,1.035578,0.428029
0.4171,1.035566,0.433233
0.4221,1.035553,0.438436
0.4271,1.035540,0.443640
0.4322,1.035525,0.448844
0.4372,1.035509,0.454047
0.4422,1.035492,0.459251
0.4472,1.035474,0.464454
0.4523,1.035454,0.469658
0.4573,1.035433,0.474861
0.4623,1.035410,0.480064
0.4673,1.035385,0.485267
0.4724,1.035359,0.490470
0.4774,1.035330,0.495673
0.4824,1.035300,0.500875
0.4874,1.035267,0.506078
0.4925,1.035231,0.511280
0.4975,1.035193,0.516482
0.5025,1.035152,0.521684
0.5075,1.035108,0.526886
0.5126,1.035061,0.532087
0.5176,1.035010,0.537288
0.5226,1.034955,0.542489
0.5276,1.034896,0.547690
0.5327,1.034833,0.552890
0.5377,1.034765,0.558090
0.5427,1.034692,0.563290
0.5477,1.034613,0.568489
0.5528,1.034528,0.573688
0.5578,1.034437,0.578886
0.5628,1.034340,0.584084
0.5678,1.034234,0.589282
0.5729,1.034121,0.594478
0.5779,1.034000,0.599675
0.5829,1.033869,0.604870
0.5879,1.033728,0.610065
0.5930,1.033577,0.615260
0.5980,1.033414,0.620453
0.6030,1.033239,0.625646
0.6080,1.033051,0.630837
0.6131,1.032849,0.636028
0.6181,1.032631,0.641218
0.6231,1.032397,0.646406
0.6281,1.032146,0.651593
0.6332,1.031875,0.656779
0.6382,1.031585,0.661964
0.6432,1.031272,0.667147
0.6482,1.030936,0.672328
0.6533,1.030574,0.677508
0.6583,1.030185,0.682686
0.6633,1.029767,0.687862
0.6683,1.029317,0.693035
0.6734,1.028834,0.698207
0.6784,1.028314,0.703375
0.6834,1.027755,0.708541
0.6884,1.027154,0.713704
0.6935,1.026508,0.718864
0.6985,1.025812,0.724021
0.7035,1.025065,0.729174
0.7085,1.024261,0.734323
0.7136,1.023397,0.739468
0.7186,1.022468,0.744608
0.7236,1.021469,0.749744
0.7286,1.020394,0.754874
0.7337,1.019239,0.759999
0.7387,1.017996,0.765117
0.7437,1.016660,0.770230
0.7487,1.015223,0.775335
0.7538,1.013678,0.780433
0.7588,1.012017,0.785522
0.7638,1.010231,0.790603
0.7688,1.008310,0.795675
0.7739,1.006244,0.800737
0.7789,1.004023,0.805788
0.7839,1.001635,0.810827
0.7889,0.999067,0.815854
0.7940,0.996305,0.820867
0.7990,0.993336,0.825866
0.8040,0.990142,0.830850
0.8090,0.986709,0.835817
0.8141,0.983016,0.840766
0.8191,0.979046,0.845696
0.8241,0.974777,0.850605
0.8291,0.970186,0.855492
0.8342,0.965249,0.860355
0.8392,0.959941,0.865192
0.8442,0.954232,0.870001
0.8492,0.948094,0.874781
0.8543,0.941494,0.879529
0.8593,0.934397,0.884242
0.8643,0.926765,0.888918
0.8693,0.918558,0.893555
0.8744,0.909733,0.898148
0.8794,0.900244,0.902696
0.8844,0.890040,0.907194
0.8894,0.879067,0.911639
0.8945,0.867268,0.916027
0.8995,0.854580,0.920353
0.9045,0.840936,0.924613
0.9095,0.826264,0.928802
0.9146,0.810486,0.932915
0.9196,0.793517,0.936945
0.9246,0.775268,0.940887
0.9296,0.755638,0.944733
0.9347,0.734522,0.948477
0.9397,0.711800,0.952111
0.9447,0.687343,0.955627
0.9497,0.661001,0.959014
0.9548,0.632606,0.962265
0.9598,0.601956,0.965367
0.9648,0.568803,0.968308
0.9698,0.532827,0.971076
0.9749,0.493597,0.973655
0.9799,0.450504,0.976027
0.9849,0.408361,0.978185
0.9899,0.372283,0.980147
0.9950,0.329106,0.981909
1.0000,0.282637,0.983446
