tau,ploss,ploss_err,mwaste,mwaste_err,rrisk,rrisk_err,J,J_err
100,30.0000,36.0075,100.0000,0.7988,0.0124,0.0019,80.0100,36.0097
300,50.0000,40.9963,99.8787,0.6247,0.0388,0.0088,99.9704,40.9975
600,57.5000,28.5717,99.0775,1.0076,0.0757,0.0263,107.0993,28.5761
1200,47.5000,33.2334,98.5023,1.4660,0.1654,0.0343,96.8835,33.2415
1800,70.0000,9.8000,90.3829,7.9482,0.1971,0.0624,115.3491,10.5753
3600,100.0000,0.0000,89.4678,4.4545,0.4167,0.0646,145.0673,2.2278
7200,100.0000,0.0000,77.6482,12.0823,0.8956,0.0362,139.5405,6.0412
14400,100.0000,0.0000,58.0245,8.3721,1.7081,0.5577,130.3787,4.2098
28800,47.5000,22.4546,11.3195,3.5214,3.1916,0.7856,55.7130,22.5323
43200,0.0000,0.0000,0.0000,0.0000,4.9559,0.5998,3.9647,0.4798
57600,0.0000,0.0000,0.0000,0.0000,8.2235,3.3056,6.5788,2.6445
86400,0.0000,0.0000,0.0000,0.0000,10.0000,1.5222,8.0000,1.2178
