latency_s,simulated_cdf,observed_cdf
0.000,0.000000,0.000000
0.302,0.002066,0.002066
0.603,0.002918,0.002918
0.905,0.003676,0.003676
1.206,0.003927,0.003927
1.508,0.004213,0.004213
1.809,0.067380,0.067380
2.111,0.341889,0.341889
2.412,0.463545,0.463545
2.714,0.523285,0.523285
3.015,0.553333,0.553333
3.317,0.571482,0.571482
3.618,0.587739,0.587739
3.920,0.599511,0.599511
4.221,0.614417,0.614417
4.523,0.626104,0.626104
4.824,0.636152,0.636152
5.126,0.645010,0.645010
5.427,0.650343,0.650343
5.729,0.656407,0.656407
6.030,0.660959,0.660959
6.332,0.665283,0.665283
6.633,0.668864,0.668864
6.935,0.672496,0.672496
7.236,0.675545,0.675545
7.538,0.677637,0.677637
7.839,0.680691,0.680691
8.141,0.683040,0.683040
8.442,0.685445,0.685445
8.744,0.687446,0.687446
9.045,0.689009,0.689009
9.347,0.690841,0.690841
9.648,0.693223,0.693223
9.950,0.695436,0.695436
10.251,0.697659,0.697659
10.553,0.699904,0.699904
10.854,0.701902,0.701902
11.156,0.703887,0.703887
11.457,0.706285,0.706285
11.759,0.708769,0.708769
12.060,0.710946,0.710946
12.362,0.713552,0.713552
12.663,0.714867,0.714867
12.965,0.717169,0.717169
13.266,0.718578,0.718578
13.568,0.720619,0.720619
13.869,0.722684,0.722684
14.171,0.724280,0.724280
14.472,0.726371,0.726371
14.774,0.730109,0.730109
15.075,0.736521,0.736521
15.377,0.743801,0.743801
15.678,0.750391,0.750391
15.980,0.757601,0.757601
16.281,0.763554,0.763554
16.583,0.771457,0.771457
16.884,0.779001,0.779001
17.186,0.787230,0.787230
17.487,0.794420,0.794420
17.789,0.801958,0.801958
18.090,0.808896,0.808896
18.392,0.815608,0.815608
18.693,0.822054,0.822054
18.995,0.829881,0.829881
19.296,0.835932,0.835932
19.598,0.841826,0.841826
19.899,0.847426,0.847426
20.201,0.854192,0.854192
20.503,0.860735,0.860735
20.804,0.866639,0.866639
21.106,0.872775,0.872775
21.407,0.877797,0.877797
21.709,0.882821,0.882821
22.010,0.886226,0.886226
22.312,0.890122,0.890122
22.613,0.895336,0.895336
22.915,0.899127,0.899127
23.216,0.902108,0.902108
23.518,0.905833,0.905833
23.819,0.909845,0.909845
24.121,0.912590,0.912590
24.422,0.915690,0.915690
24.724,0.918929,0.918929
25.025,0.920908,0.920908
25.327,0.922581,0.922581
25.628,0.923736,0.923736
25.930,0.926276,0.926276
26.231,0.928236,0.928236
26.533,0.930997,0.930997
26.834,0.933939,0.933939
27.136,0.936232,0.936232
27.437,0.937661,0.937661
27.739,0.939135,0.939135
28.040,0.940637,0.940637
28.342,0.942740,0.942740
28.643,0.944321,0.944321
28.945,0.946654,0.946654
29.246,0.948109,0.948109
29.548,0.949297,0.949297
29.849,0.950417,0.950417
30.151,0.951700,0.951700
30.452,0.953145,0.953145
30.754,0.954877,0.954877
31.055,0.956180,0.956180
31.357,0.956976,0.956976
31.658,0.958096,0.958096
31.960,0.959315,0.959315
32.261,0.960649,0.960649
32.563,0.962214,0.962214
32.864,0.962935,0.962935
33.166,0.964252,0.964252
33.467,0.965138,0.965138
33.769,0.966156,0.966156
34.070,0.967174,0.967174
34.372,0.968357,0.968357
34.673,0.969564,0.969564
34.975,0.970341,0.970341
35.276,0.970818,0.970818
35.578,0.971434,0.971434
35.879,0.972173,0.972173
36.181,0.972877,0.972877
36.482,0.973740,0.973740
36.784,0.974241,0.974241
37.085,0.975107,0.975107
37.387,0.976167,0.976167
37.688,0.977357,0.977357
37.990,0.978065,0.978065
38.291,0.978476,0.978476
38.593,0.979026,0.979026
38.894,0.979473,0.979473
39.196,0.979975,0.979975
39.497,0.980712,0.980712
39.799,0.981242,0.981242
40.101,0.981558,0.981558
40.402,0.982404,0.982404
40.704,0.982918,0.982918
41.005,0.983464,0.983464
41.307,0.984381,0.984381
41.608,0.984983,0.984983
41.910,0.985229,0.985229
42.211,0.985274,0.985274
42.513,0.985511,0.985511
42.814,0.985813,0.985813
43.116,0.986507,0.986507
43.417,0.986781,0.986781
43.719,0.987037,0.987037
44.020,0.987361,0.987361
44.322,0.987600,0.987600
44.623,0.988108,0.988108
44.925,0.988371,0.988371
45.226,0.988927,0.988927
45.528,0.989237,0.989237
45.829,0.989455,0.989455
46.131,0.989776,0.989776
46.432,0.989828,0.989828
46.734,0.990028,0.990028
47.035,0.990297,0.990297
47.337,0.990457,0.990457
47.638,0.990563,0.990563
47.940,0.990677,0.990677
48.241,0.990993,0.990993
48.543,0.991108,0.991108
48.844,0.991499,0.991499
49.146,0.991639,0.991639
49.447,0.991714,0.991714
49.749,0.991919,0.991919
50.050,0.992000,0.992000
50.352,0.992020,0.992020
50.653,0.992041,0.992041
50.955,0.992062,0.992062
51.256,0.992147,0.992147
51.558,0.992316,0.992316
51.859,0.992549,0.992549
52.161,0.992676,0.992676
52.462,0.992795,0.992795
52.764,0.992824,0.992824
53.065,0.992852,0.992852
53.367,0.992930,0.992930
53.668,0.993121,0.993121
53.970,0.993165,0.993165
54.271,0.993214,0.993214
54.573,0.993280,0.993280
54.874,0.993333,0.993333
55.176,0.993419,0.993419
55.477,0.993609,0.993609
55.779,0.993759,0.993759
56.080,0.993852,0.993852
56.382,0.993969,0.993969
56.683,0.994324,0.994324
56.985,0.994338,0.994338
57.286,0.994353,0.994353
57.588,0.994368,0.994368
57.889,0.994383,0.994383
58.191,0.994398,0.994398
58.492,0.994531,0.994531
58.794,0.994680,0.994680
59.095,0.994797,0.994797
59.397,0.994872,0.994872
59.698,0.994931,0.994931
60.000,0.994991,0.994991
