metric,value
recall_latency_s.p50.metric,recall_latency_p50_s
recall_latency_s.p50.n_replications,0
recall_latency_s.p50.mean,nan
recall_latency_s.p50.std,nan
recall_latency_s.p50.ci95_lower,nan
recall_latency_s.p50.ci95_upper,nan
recall_latency_s.p50.half_width,nan
recall_latency_s.p50.ci_method,percentile_bootstrap_B=1000
recall_latency_s.p95.metric,recall_latency_p95_s
recall_latency_s.p95.n_replications,0
recall_latency_s.p95.mean,nan
recall_latency_s.p95.std,nan
recall_latency_s.p95.ci95_lower,nan
recall_latency_s.p95.ci95_upper,nan
recall_latency_s.p95.half_width,nan
recall_latency_s.p95.ci_method,percentile_bootstrap_B=1000
recall_latency_s.p99.metric,recall_latency_p99_s
recall_latency_s.p99.n_replications,0
recall_latency_s.p99.mean,nan
recall_latency_s.p99.std,nan
recall_latency_s.p99.ci95_lower,nan
recall_latency_s.p99.ci95_upper,nan
recall_latency_s.p99.half_width,nan
recall_latency_s.p99.ci_method,percentile_bootstrap_B=1000
migrate_latency_s.p50.metric,migrate_latency_p50_s
migrate_latency_s.p50.n_replications,0
migrate_latency_s.p50.mean,nan
migrate_latency_s.p50.std,nan
migrate_latency_s.p50.ci95_lower,nan
migrate_latency_s.p50.ci95_upper,nan
migrate_latency_s.p50.half_width,nan
migrate_latency_s.p50.ci_method,percentile_bootstrap_B=1000
migrate_latency_s.p95.metric,migrate_latency_p95_s
migrate_latency_s.p95.n_replications,0
migrate_latency_s.p95.mean,nan
migrate_latency_s.p95.std,nan
migrate_latency_s.p95.ci95_lower,nan
migrate_latency_s.p95.ci95_upper,nan
migrate_latency_s.p95.half_width,nan
migrate_latency_s.p95.ci_method,percentile_bootstrap_B=1000
cache_hit_rate.metric,cache_hit_rate
cache_hit_rate.n_replications,1
cache_hit_rate.mean,nan
cache_hit_rate.std,nan
cache_hit_rate.ci95_lower,nan
cache_hit_rate.ci95_upper,nan
cache_hit_rate.half_width,nan
cache_hit_rate.ci_method,percentile_bootstrap_B=1000
n_migrations.metric,n_migrations
n_migrations.n_replications,1
n_migrations.mean,0.0
n_migrations.std,nan
n_migrations.ci95_lower,nan
n_migrations.ci95_upper,nan
n_migrations.half_width,nan
n_migrations.ci_method,percentile_bootstrap_B=1000
n_recalls.metric,n_recalls
n_recalls.n_replications,1
n_recalls.mean,0.0
n_recalls.std,nan
n_recalls.ci95_lower,nan
n_recalls.ci95_upper,nan
n_recalls.half_width,nan
n_recalls.ci_method,percentile_bootstrap_B=1000
n_tape_mounts.metric,n_mounts
n_tape_mounts.n_replications,1
n_tape_mounts.mean,0.0
n_tape_mounts.std,nan
n_tape_mounts.ci95_lower,nan
n_tape_mounts.ci95_upper,nan
n_tape_mounts.half_width,nan
n_tape_mounts.ci_method,percentile_bootstrap_B=1000
n_seeks.metric,n_seeks
n_seeks.n_replications,1
n_seeks.mean,0.0
n_seeks.std,nan
n_seeks.ci95_lower,nan
n_seeks.ci95_upper,nan
n_seeks.half_width,nan
n_seeks.ci_method,percentile_bootstrap_B=1000
bytes_archived.metric,bytes_archived
bytes_archived.n_replications,1
bytes_archived.mean,0.0
bytes_archived.std,nan
bytes_archived.ci95_lower,nan
bytes_archived.ci95_upper,nan
bytes_archived.half_width,nan
bytes_archived.ci_method,percentile_bootstrap_B=1000
bytes_recalled.metric,bytes_recalled
bytes_recalled.n_replications,1
bytes_recalled.mean,0.0
bytes_recalled.std,nan
bytes_recalled.ci95_lower,nan
bytes_recalled.ci95_upper,nan
bytes_recalled.half_width,nan
bytes_recalled.ci_method,percentile_bootstrap_B=1000
bytes_written_to_cache.metric,bytes_written_to_cache
bytes_written_to_cache.n_replications,1
bytes_written_to_cache.mean,12528815787.0
bytes_written_to_cache.std,nan
bytes_written_to_cache.ci95_lower,nan
bytes_written_to_cache.ci95_upper,nan
bytes_written_to_cache.half_width,nan
bytes_written_to_cache.ci_method,percentile_bootstrap_B=1000
bytes_read_from_cache.metric,bytes_read_from_cache
bytes_read_from_cache.n_replications,1
bytes_read_from_cache.mean,54218056608.0
bytes_read_from_cache.std,nan
bytes_read_from_cache.ci95_lower,nan
bytes_read_from_cache.ci95_upper,nan
bytes_read_from_cache.half_width,nan
bytes_read_from_cache.ci_method,percentile_bootstrap_B=1000
write_operations.metric,write_operations
write_operations.n_replications,1
write_operations.mean,56.0
write_operations.std,nan
write_operations.ci95_lower,nan
write_operations.ci95_upper,nan
write_operations.half_width,nan
write_operations.ci_method,percentile_bootstrap_B=1000
read_operations.metric,read_operations
read_operations.n_replications,1
read_operations.mean,132.0
read_operations.std,nan
read_operations.ci95_lower,nan
read_operations.ci95_upper,nan
read_operations.half_width,nan
read_operations.ci_method,percentile_bootstrap_B=1000
mean_disk_usage_pct.metric,mean_disk_usage_pct
mean_disk_usage_pct.n_replications,0
mean_disk_usage_pct.mean,nan
mean_disk_usage_pct.std,nan
mean_disk_usage_pct.ci95_lower,nan
mean_disk_usage_pct.ci95_upper,nan
mean_disk_usage_pct.half_width,nan
mean_disk_usage_pct.ci_method,percentile_bootstrap_B=1000
