age_h,count,count_lo,count_hi,bytes,bytes_lo,bytes_hi
0.02145379,1.6706381,0.94492315,3.22288214,0.11087995,0.03868244,0.25790685
0.03554795,0.20248058,0.11519401,0.37341166,0.05157534,0.0105134,0.16175635
0.05890132,0.10755754,0.06723244,0.16661025,0.04211392,0.02197563,0.09548607
0.09759678,0.07651258,0.03934629,0.13786433,0.03616125,0.01611598,0.08922479
0.1617134,0.09232647,0.05310983,0.1538761,0.02429658,0.01293587,0.05250405
0.26795169,0.05979316,0.03613807,0.10167706,0.01935021,0.00688167,0.0515907
0.44398368,0.01820133,0.01069252,0.02935808,0.00516679,0.00158872,0.01846633
0.73566062,0.01044525,0.00512769,0.01927375,0.00677802,0.00316855,0.02007892
1.21895594,0.04781539,0.00458632,0.13012073,0.01796848,0.00264515,0.04097787
2.01975415,0.00681242,0.00400401,0.01129364,0.00690881,0.00282417,0.01984882
3.34664011,0.02210996,0.00303169,0.0535328,0.00822899,0.00210128,0.02348074
5.54522934,0.00193534,0.00018174,0.00511874,0.00491446,0.00054849,0.01687141
9.18819098,0.00010171,3.282e-05,0.0002359,0.00142585,0.0001238,0.00264294
15.22441153,0.00017126,0.00010448,0.00027117,0.00338978,6.882e-05,0.00891456
25.22615244,0.00148154,7.412e-05,0.00497794,0.00499233,0.0001736,0.01352159
41.79857894,0.00017469,3.184e-05,0.00038821,0.00077616,5.27e-06,0.00187808
69.25833043,0.00011568,4.847e-05,0.00018975,0.00010162,5.98e-06,0.00031609
114.75788066,5.847e-05,1.339e-05,0.00012455,0.00082162,1.508e-05,0.00227923
190.14855099,4.834e-05,2.019e-05,8.955e-05,0.00040015,1.56e-05,0.00128456
315.06743794,1.93e-05,9.8e-06,3.4e-05,0.00046199,2.16e-06,0.00099939
522.05231085,2.3e-06,1.02e-06,4.89e-06,1.2e-06,2.3e-07,3.16e-06
