weight,p_h,a_h,C_frac,V_h
count,0.0,0.0,1.0,0.0
count,0.0,0.08333,0.96274,0.08114
count,0.0,0.16667,0.95633,0.16111
count,0.0,0.25,0.9491,0.2405
count,0.0,0.33333,0.94453,0.31937
count,0.0,0.41667,0.94276,0.398
count,0.0,0.5,0.94124,0.47649
count,0.0,0.58333,0.94016,0.55489
count,0.0,0.66667,0.9391,0.63319
count,0.0,0.75,0.93788,0.7114
count,0.0,0.83333,0.93751,0.78954
count,0.0,0.91667,0.93721,0.86765
count,0.0,1.0,0.93578,0.94569
count,0.0,1.08333,0.93158,1.02347
count,0.0,1.16667,0.92955,1.10103
count,0.0,1.25,0.92226,1.17818
count,0.0,1.33333,0.91469,1.25478
count,0.0,1.41667,0.91074,1.33074
count,0.0,1.5,0.91028,1.40662
count,0.0,1.58333,0.90904,1.48242
count,0.0,1.66667,0.90778,1.55812
count,0.0,1.75,0.90686,1.63372
count,0.0,1.83333,0.90672,1.70929
count,0.0,1.91667,0.90652,1.78484
count,0.0,2.0,0.90628,1.86037
count,0.0,2.5,0.9038,2.31301
count,0.0,3.0,0.90001,2.76373
count,0.0,3.5,0.8981,3.21321
count,0.0,4.0,0.88388,3.66061
count,0.0,4.5,0.86914,4.09756
count,0.0,5.0,0.86887,4.53205
count,0.0,5.5,0.86819,4.96642
count,0.0,6.0,0.86739,5.40026
count,0.0,6.5,0.8653,5.83325
count,0.0,7.0,0.8646,6.26575
count,0.0,7.5,0.86446,6.69799
count,0.0,8.0,0.86425,7.13016
count,0.0,8.5,0.86423,7.56228
count,0.0,9.0,0.86422,7.99439
count,0.0,9.5,0.8642,8.42649
count,0.0,10.0,0.86417,8.85858
count,0.0,10.5,0.86415,9.29066
count,0.0,11.0,0.8641,9.72272
count,0.0,11.5,0.86407,10.15477
count,0.0,12.0,0.86406,10.5868
count,0.0,12.5,0.86404,11.01882
count,0.0,13.0,0.86403,11.45084
count,0.0,13.5,0.86401,11.88285
count,0.0,14.0,0.864,12.31486
count,0.0,14.5,0.86397,12.74685
count,0.0,15.0,0.86394,13.17882
count,0.0,15.5,0.86388,13.61078
count,0.0,16.0,0.86339,14.04264
count,0.0,16.5,0.86328,14.47429
count,0.0,17.0,0.86325,14.90592
count,0.0,17.5,0.86321,15.33754
count,0.0,18.0,0.86317,15.76914
count,0.0,18.5,0.8631,16.2007
count,0.0,19.0,0.86298,16.63222
count,0.0,19.5,0.86292,17.06369
count,0.0,20.0,0.86289,17.49515
count,0.0,20.5,0.86286,17.92658
count,0.0,21.0,0.86284,18.35801
count,0.0,21.5,0.86282,18.78943
count,0.0,22.0,0.8628,19.22083
count,0.0,22.5,0.86277,19.65223
count,0.0,23.0,0.86274,20.0836
count,0.0,23.5,0.86162,20.51485
count,0.0,24.0,0.84788,20.94109
count,0.0,30.0,0.8472,26.02558
count,0.0,36.0,0.84589,31.1044
count,0.0,42.0,0.84582,36.17957
count,0.0,48.0,0.84529,41.25381
count,0.0,54.0,0.84346,46.31582
count,0.0,60.0,0.84326,51.37626
count,0.0,66.0,0.84301,56.43499
count,0.0,72.0,0.84137,61.48602
count,0.0,78.0,0.84056,66.53216
count,0.0,84.0,0.84046,71.57523
count,0.0,90.0,0.83988,76.61737
count,0.0,96.0,0.83963,81.65593
count,0.0,102.0,0.83958,86.69355
count,0.0,108.0,0.8392,91.73036
count,0.0,114.0,0.8387,96.76512
count,0.0,120.0,0.83855,101.79667
count,0.0,126.0,0.83848,106.8277
count,0.0,132.0,0.83846,111.85851
count,0.0,138.0,0.83835,116.88908
count,0.0,144.0,0.83722,121.91426
count,0.0,150.0,0.83714,126.93723
count,0.0,156.0,0.83705,131.95992
count,0.0,162.0,0.83676,136.98178
count,0.0,168.0,0.83657,142.00149
count,0.25,0.0,0.96198,0.12094
count,0.25,0.08333,0.95293,0.20066
count,0.25,0.16667,0.94756,0.27984
count,0.25,0.25,0.944,0.35864
count,0.25,0.33333,0.94205,0.43722
count,0.25,0.41667,0.94078,0.51567
count,0.25,0.5,0.93961,0.59402
count,0.25,0.58333,0.93861,0.67227
count,0.25,0.66667,0.93783,0.75046
count,0.25,0.75,0.93716,0.82858
count,0.25,0.83333,0.93574,0.90663
count,0.25,0.91667,0.9335,0.98452
count,0.25,1.0,0.92997,1.06217
count,0.25,1.08333,0.92524,1.13948
count,0.25,1.16667,0.91886,1.21632
count,0.25,1.25,0.91376,1.29266
count,0.25,1.33333,0.91054,1.36866
count,0.25,1.41667,0.90953,1.4445
count,0.25,1.5,0.90841,1.52025
count,0.25,1.58333,0.90747,1.59591
count,0.25,1.66667,0.90687,1.6715
count,0.25,1.75,0.9066,1.74706
count,0.25,1.83333,0.9064,1.8226
count,0.25,1.91667,0.90615,1.89813
count,0.25,2.0,0.90584,1.97363
count,0.25,2.5,0.90236,2.42587
count,0.25,3.0,0.89941,2.87618
count,0.25,3.5,0.89781,3.32545
count,0.25,4.0,0.87843,3.77068
count,0.25,4.5,0.86902,4.20619
count,0.25,5.0,0.86882,4.64065
count,0.25,5.5,0.86784,5.07491
count,0.25,6.0,0.8665,5.50863
count,0.25,6.5,0.86518,5.9414
count,0.25,7.0,0.8645,6.37381
count,0.25,7.5,0.8644,6.80605
count,0.25,8.0,0.86425,7.23819
count,0.25,8.5,0.86423,7.6703
count,0.25,9.0,0.86421,8.10241
count,0.25,9.5,0.86419,8.53452
count,0.25,10.0,0.86417,8.9666
count,0.25,10.5,0.86414,9.39868
count,0.25,11.0,0.86409,9.83074
count,0.25,11.5,0.86407,10.26278
count,0.25,12.0,0.86405,10.69481
count,0.25,12.5,0.86404,11.12683
count,0.25,13.0,0.86403,11.55885
count,0.25,13.5,0.86401,11.99085
count,0.25,14.0,0.86399,12.42286
count,0.25,14.5,0.86396,12.85484
count,0.25,15.0,0.86393,13.28681
count,0.25,15.5,0.86386,13.71876
count,0.25,16.0,0.86332,14.15056
count,0.25,16.5,0.86327,14.5822
count,0.25,17.0,0.86324,15.01383
count,0.25,17.5,0.86321,15.44544
count,0.25,18.0,0.86315,15.87703
count,0.25,18.5,0.86308,16.30859
count,0.25,19.0,0.86297,16.74009
count,0.25,19.5,0.86291,17.17156
count,0.25,20.0,0.86288,17.60301
count,0.25,20.5,0.86286,18.03444
count,0.25,21.0,0.86284,18.46587
count,0.25,21.5,0.86281,18.89728
count,0.25,22.0,0.86279,19.32868
count,0.25,22.5,0.86276,19.76007
count,0.25,23.0,0.86273,20.19144
count,0.25,23.5,0.85708,20.62235
count,0.25,24.0,0.84788,21.04708
count,0.25,30.0,0.84703,26.13147
count,0.25,36.0,0.84589,31.21014
count,0.25,42.0,0.84582,36.2853
count,0.25,48.0,0.84528,41.35947
count,0.25,54.0,0.84345,46.42125
count,0.25,60.0,0.84326,51.48167
count,0.25,66.0,0.84301,56.54036
count,0.25,72.0,0.84137,61.59119
count,0.25,78.0,0.84056,66.63723
count,0.25,84.0,0.84046,71.68029
count,0.25,90.0,0.83986,76.72236
count,0.25,96.0,0.83963,81.76088
count,0.25,102.0,0.83958,86.79849
count,0.25,108.0,0.8392,91.83526
count,0.25,114.0,0.83864,96.86995
count,0.25,120.0,0.83855,101.90149
count,0.25,126.0,0.83848,106.93251
count,0.25,132.0,0.83846,111.96331
count,0.25,138.0,0.83835,116.99387
count,0.25,144.0,0.83722,122.01891
count,0.25,150.0,0.83714,127.04187
count,0.25,156.0,0.83704,132.06455
count,0.25,162.0,0.83675,137.08638
count,0.25,168.0,0.83656,142.10606
count,1.0,0.0,0.94569,0.47555
count,1.0,0.08333,0.94233,0.5542
count,1.0,0.16667,0.93992,0.63262
count,1.0,0.25,0.93768,0.71085
count,1.0,0.33333,0.93541,0.7889
count,1.0,0.41667,0.93274,0.86674
count,1.0,0.5,0.93012,0.94436
count,1.0,0.58333,0.92753,1.02176
count,1.0,0.66667,0.92493,1.09895
count,1.0,0.75,0.92233,1.17592
count,1.0,0.83333,0.91975,1.25267
count,1.0,0.91667,0.91719,1.32921
count,1.0,1.0,0.91469,1.40554
count,1.0,1.08333,0.91241,1.48166
count,1.0,1.16667,0.91035,1.55761
count,1.0,1.25,0.90865,1.6334
count,1.0,1.33333,0.90748,1.70907
count,1.0,1.41667,0.90692,1.78467
count,1.0,1.5,0.90639,1.86022
count,1.0,1.58333,0.90587,1.93573
count,1.0,1.66667,0.90537,2.0112
count,1.0,1.75,0.90488,2.08663
count,1.0,1.83333,0.90438,2.16201
count,1.0,1.91667,0.90388,2.23736
count,1.0,2.0,0.90336,2.31266
count,1.0,2.5,0.9002,2.76354
count,1.0,3.0,0.89688,3.213
count,1.0,3.5,0.88436,3.65862
count,1.0,4.0,0.87143,4.09731
count,1.0,4.5,0.86886,4.53203
count,1.0,5.0,0.86822,4.96631
count,1.0,5.5,0.86683,5.40011
count,1.0,6.0,0.86548,5.83319
count,1.0,6.5,0.86474,6.2657
count,1.0,7.0,0.86441,6.69798
count,1.0,7.5,0.86429,7.13015
count,1.0,8.0,0.86423,7.56227
count,1.0,8.5,0.86422,7.99439
count,1.0,9.0,0.8642,8.42649
count,1.0,9.5,0.86417,8.85858
count,1.0,10.0,0.86414,9.29066
count,1.0,10.5,0.8641,9.72272
count,1.0,11.0,0.86408,10.15477
count,1.0,11.5,0.86406,10.5868
count,1.0,12.0,0.86404,11.01882
count,1.0,12.5,0.86403,11.45084
count,1.0,13.0,0.86401,11.88285
count,1.0,13.5,0.86399,12.31485
count,1.0,14.0,0.86397,12.74684
count,1.0,14.5,0.86393,13.17882
count,1.0,15.0,0.86382,13.61077
count,1.0,15.5,0.86352,14.0426
count,1.0,16.0,0.86328,14.47429
count,1.0,16.5,0.86324,14.90592
count,1.0,17.0,0.86321,15.33754
count,1.0,17.5,0.86316,15.76913
count,1.0,18.0,0.86308,16.20069
count,1.0,18.5,0.86299,16.63221
count,1.0,19.0,0.86293,17.06369
count,1.0,19.5,0.86289,17.49514
count,1.0,20.0,0.86287,17.92658
count,1.0,20.5,0.86284,18.35801
count,1.0,21.0,0.86282,18.78943
count,1.0,21.5,0.8628,19.22083
count,1.0,22.0,0.86277,19.65222
count,1.0,22.5,0.86262,20.08359
count,1.0,23.0,0.85749,20.514
count,1.0,23.5,0.85018,20.9409
count,1.0,24.0,0.84786,21.36503
count,1.0,30.0,0.84673,26.44899
count,1.0,36.0,0.84589,31.52735
count,1.0,42.0,0.84581,36.60248
count,1.0,48.0,0.84415,41.67606
count,1.0,54.0,0.84345,46.73754
count,1.0,60.0,0.84324,51.79789
count,1.0,66.0,0.843,56.85649
count,1.0,72.0,0.84136,61.9067
count,1.0,78.0,0.84055,66.95244
count,1.0,84.0,0.84046,71.99546
count,1.0,90.0,0.83982,77.03729
count,1.0,96.0,0.83963,82.07574
count,1.0,102.0,0.83958,87.11334
count,1.0,108.0,0.83919,92.14996
count,1.0,114.0,0.83862,97.18443
count,1.0,120.0,0.83853,102.21594
count,1.0,126.0,0.83847,107.24694
count,1.0,132.0,0.83846,112.27773
count,1.0,138.0,0.83832,117.30825
count,1.0,144.0,0.8372,122.33287
count,1.0,150.0,0.83714,127.3558
count,1.0,156.0,0.83704,132.37844
count,1.0,162.0,0.83671,137.40014
count,1.0,168.0,0.83651,142.41976
count,6.0,0.0,0.90004,2.74506
count,6.0,0.08333,0.89857,2.82
count,6.0,0.16667,0.89727,2.89482
count,6.0,0.25,0.89607,2.96955
count,6.0,0.33333,0.89494,3.04417
count,6.0,0.41667,0.89386,3.1187
count,6.0,0.5,0.89279,3.19315
count,6.0,0.58333,0.89174,3.2675
count,6.0,0.66667,0.89071,3.34177
count,6.0,0.75,0.88969,3.41595
count,6.0,0.83333,0.88868,3.49005
count,6.0,0.91667,0.88767,3.56407
count,6.0,1.0,0.88668,3.638
count,6.0,1.08333,0.88572,3.71185
count,6.0,1.16667,0.8848,3.78562
count,6.0,1.25,0.88395,3.85932
count,6.0,1.33333,0.88319,3.93295
count,6.0,1.41667,0.88254,4.00652
count,6.0,1.5,0.8819,4.08004
count,6.0,1.58333,0.88127,4.1535
count,6.0,1.66667,0.88066,4.22692
count,6.0,1.75,0.88006,4.30028
count,6.0,1.83333,0.87947,4.37359
count,6.0,1.91667,0.87888,4.44686
count,6.0,2.0,0.8783,4.52007
count,6.0,2.5,0.87488,4.95836
count,6.0,3.0,0.87178,5.39501
count,6.0,3.5,0.86888,5.83017
count,6.0,4.0,0.86633,6.26392
count,6.0,4.5,0.86552,6.69683
count,6.0,5.0,0.86511,7.12948
count,6.0,5.5,0.86472,7.56194
count,6.0,6.0,0.86442,7.99423
count,6.0,6.5,0.86426,8.42639
count,6.0,7.0,0.86418,8.8585
count,6.0,7.5,0.86414,9.29058
count,6.0,8.0,0.86412,9.72264
count,6.0,8.5,0.8641,10.1547
count,6.0,9.0,0.86407,10.58674
count,6.0,9.5,0.86405,11.01877
count,6.0,10.0,0.86401,11.45079
count,6.0,10.5,0.86394,11.88277
count,6.0,11.0,0.86387,12.31472
count,6.0,11.5,0.8638,12.74664
count,6.0,12.0,0.86372,13.17852
count,6.0,12.5,0.86365,13.61036
count,6.0,13.0,0.86356,14.04216
count,6.0,13.5,0.86347,14.47392
count,6.0,14.0,0.86338,14.90564
count,6.0,14.5,0.86329,15.3373
count,6.0,15.0,0.8632,15.76893
count,6.0,15.5,0.86311,16.2005
count,6.0,16.0,0.86303,16.63204
count,6.0,16.5,0.86299,17.06354
count,6.0,17.0,0.86295,17.49502
count,6.0,17.5,0.86289,17.92649
count,6.0,18.0,0.86199,18.35777
count,6.0,18.5,0.86072,18.78845
count,6.0,19.0,0.85946,19.21849
count,6.0,19.5,0.85819,19.6479
count,6.0,20.0,0.8569,20.07668
count,6.0,20.5,0.8556,20.5048
count,6.0,21.0,0.8543,20.93227
count,6.0,21.5,0.85301,21.3591
count,6.0,22.0,0.85171,21.78528
count,6.0,22.5,0.85042,22.21081
count,6.0,23.0,0.84913,22.6357
count,6.0,23.5,0.84785,23.05994
count,6.0,24.0,0.84741,23.48369
count,6.0,30.0,0.84647,28.56541
count,6.0,36.0,0.84586,33.64202
count,6.0,42.0,0.84571,38.71689
count,6.0,48.0,0.84367,43.78513
count,6.0,54.0,0.84341,48.84612
count,6.0,60.0,0.84312,53.90574
count,6.0,66.0,0.84184,58.96136
count,6.0,72.0,0.84102,64.00964
count,6.0,78.0,0.84051,69.05374
count,6.0,84.0,0.84036,74.09654
count,6.0,90.0,0.83976,79.13673
count,6.0,96.0,0.8396,84.17476
count,6.0,102.0,0.83947,89.21217
count,6.0,108.0,0.83913,94.24788
count,6.0,114.0,0.83859,99.28093
count,6.0,120.0,0.83851,104.31221
count,6.0,126.0,0.83847,109.34311
count,6.0,132.0,0.83843,114.37384
count,6.0,138.0,0.83753,119.40231
count,6.0,144.0,0.83716,124.42578
count,6.0,150.0,0.83712,129.44861
count,6.0,156.0,0.83698,134.47096
count,6.0,162.0,0.83662,139.49172
count,6.0,168.0,0.83636,144.51074
bytes,0.0,0.0,1.0,0.0
bytes,0.0,0.08333,0.99532,0.08311
bytes,0.0,0.16667,0.9926,0.16594
bytes,0.0,0.25,0.9906,0.24857
bytes,0.0,0.33333,0.98899,0.33105
bytes,0.0,0.41667,0.98859,0.41345
bytes,0.0,0.5,0.98813,0.49581
bytes,0.0,0.58333,0.98776,0.57814
bytes,0.0,0.66667,0.98719,0.66042
bytes,0.0,0.75,0.98639,0.74265
bytes,0.0,0.83333,0.98594,0.82483
bytes,0.0,0.91667,0.98551,0.90697
bytes,0.0,1.0,0.98497,0.98908
bytes,0.0,1.08333,0.98416,1.07113
bytes,0.0,1.16667,0.98244,1.15307
bytes,0.0,1.25,0.98079,1.23487
bytes,0.0,1.33333,0.97912,1.31654
bytes,0.0,1.41667,0.97671,1.39803
bytes,0.0,1.5,0.97518,1.47936
bytes,0.0,1.58333,0.9743,1.56057
bytes,0.0,1.66667,0.97393,1.64175
bytes,0.0,1.75,0.97356,1.72289
bytes,0.0,1.83333,0.973,1.804
bytes,0.0,1.91667,0.97248,1.88506
bytes,0.0,2.0,0.97207,1.96608
bytes,0.0,2.5,0.96787,2.45122
bytes,0.0,3.0,0.96489,2.9344
bytes,0.0,3.5,0.96208,3.41621
bytes,0.0,4.0,0.9584,3.89653
bytes,0.0,4.5,0.95215,4.37401
bytes,0.0,5.0,0.94992,4.84947
bytes,0.0,5.5,0.9481,5.32396
bytes,0.0,6.0,0.94653,5.79762
bytes,0.0,6.5,0.94201,6.26993
bytes,0.0,7.0,0.94072,6.74055
bytes,0.0,7.5,0.94049,7.21088
bytes,0.0,8.0,0.93991,7.68102
bytes,0.0,8.5,0.93788,8.15045
bytes,0.0,9.0,0.93751,8.61927
bytes,0.0,9.5,0.93711,9.08793
bytes,0.0,10.0,0.93707,9.55648
bytes,0.0,10.5,0.93491,10.02434
bytes,0.0,11.0,0.93483,10.49178
bytes,0.0,11.5,0.9346,10.9591
bytes,0.0,12.0,0.93443,11.42633
bytes,0.0,12.5,0.93263,11.89293
bytes,0.0,13.0,0.93261,12.35925
bytes,0.0,13.5,0.93259,12.82555
bytes,0.0,14.0,0.91831,13.28768
bytes,0.0,14.5,0.91624,13.7461
bytes,0.0,15.0,0.91606,14.20414
bytes,0.0,15.5,0.91599,14.66216
bytes,0.0,16.0,0.91585,15.12011
bytes,0.0,16.5,0.91311,15.57699
bytes,0.0,17.0,0.91308,16.03354
bytes,0.0,17.5,0.91302,16.49005
bytes,0.0,18.0,0.91208,16.94655
bytes,0.0,18.5,0.91027,17.40194
bytes,0.0,19.0,0.91021,17.85706
bytes,0.0,19.5,0.91015,18.31216
bytes,0.0,20.0,0.90918,18.76721
bytes,0.0,20.5,0.90644,19.22094
bytes,0.0,21.0,0.90639,19.67415
bytes,0.0,21.5,0.90639,20.12735
bytes,0.0,22.0,0.90548,20.58049
bytes,0.0,22.5,0.90456,21.03301
bytes,0.0,23.0,0.90454,21.48529
bytes,0.0,23.5,0.90354,21.9374
bytes,0.0,24.0,0.90107,22.38849
bytes,0.0,30.0,0.89606,27.77774
bytes,0.0,36.0,0.85257,32.93341
bytes,0.0,42.0,0.84546,38.03515
bytes,0.0,48.0,0.84257,43.10164
bytes,0.0,54.0,0.83902,48.15086
bytes,0.0,60.0,0.83807,53.18
bytes,0.0,66.0,0.83806,58.2084
bytes,0.0,72.0,0.83775,63.23571
bytes,0.0,78.0,0.83664,68.25731
bytes,0.0,84.0,0.83662,73.2771
bytes,0.0,90.0,0.83637,78.2965
bytes,0.0,96.0,0.83629,83.31431
bytes,0.0,102.0,0.83615,88.33183
bytes,0.0,108.0,0.83614,93.34869
bytes,0.0,114.0,0.83612,98.3655
bytes,0.0,120.0,0.83219,103.38165
bytes,0.0,126.0,0.82456,108.33057
bytes,0.0,132.0,0.82456,113.27792
bytes,0.0,138.0,0.82455,118.22524
bytes,0.0,144.0,0.82452,123.17241
bytes,0.0,150.0,0.79713,128.04791
bytes,0.0,156.0,0.79679,132.82931
bytes,0.0,162.0,0.76862,137.52424
bytes,0.0,168.0,0.76799,142.13277
bytes,0.25,0.0,0.99429,0.12446
bytes,0.25,0.08333,0.99175,0.20721
bytes,0.25,0.16667,0.99004,0.28978
bytes,0.25,0.25,0.98895,0.37223
bytes,0.25,0.33333,0.98836,0.45462
bytes,0.25,0.41667,0.9879,0.53696
bytes,0.25,0.5,0.98737,0.61927
bytes,0.25,0.58333,0.98677,0.70152
bytes,0.25,0.66667,0.98621,0.78373
bytes,0.25,0.75,0.9857,0.86589
bytes,0.25,0.83333,0.9852,0.94801
bytes,0.25,0.91667,0.98439,1.03008
bytes,0.25,1.0,0.98319,1.11207
bytes,0.25,1.08333,0.98162,1.19394
bytes,0.25,1.16667,0.97982,1.27567
bytes,0.25,1.25,0.97793,1.35724
bytes,0.25,1.33333,0.97614,1.43866
bytes,0.25,1.41667,0.97488,1.51994
bytes,0.25,1.5,0.97414,1.60115
bytes,0.25,1.58333,0.97371,1.68231
bytes,0.25,1.66667,0.97326,1.76343
bytes,0.25,1.75,0.97277,1.84452
bytes,0.25,1.83333,0.97231,1.92556
bytes,0.25,1.91667,0.97187,2.00657
bytes,0.25,2.0,0.9714,2.08754
bytes,0.25,2.5,0.96717,2.57215
bytes,0.25,3.0,0.96431,3.05497
bytes,0.25,3.5,0.96152,3.53643
bytes,0.25,4.0,0.95673,4.01619
bytes,0.25,4.5,0.95143,4.49296
bytes,0.25,5.0,0.94945,4.96817
bytes,0.25,5.5,0.94772,5.44244
bytes,0.25,6.0,0.94601,5.9159
bytes,0.25,6.5,0.9416,6.38765
bytes,0.25,7.0,0.94071,6.85814
bytes,0.25,7.5,0.94046,7.32844
bytes,0.25,8.0,0.93973,7.79851
bytes,0.25,8.5,0.93777,8.26768
bytes,0.25,9.0,0.93751,8.73646
bytes,0.25,9.5,0.93711,9.20507
bytes,0.25,10.0,0.93641,9.67358
bytes,0.25,10.5,0.93489,10.1412
bytes,0.25,11.0,0.93467,10.60861
bytes,0.25,11.5,0.93451,11.07591
bytes,0.25,12.0,0.93377,11.54311
bytes,0.25,12.5,0.93263,12.00951
bytes,0.25,13.0,0.93261,12.47582
bytes,0.25,13.5,0.93021,12.94207
bytes,0.25,14.0,0.91745,13.40242
bytes,0.25,14.5,0.9161,13.86062
bytes,0.25,15.0,0.91605,14.31865
bytes,0.25,15.5,0.91594,14.77665
bytes,0.25,16.0,0.91437,15.23446
bytes,0.25,16.5,0.9131,15.69113
bytes,0.25,17.0,0.91305,16.14767
bytes,0.25,17.5,0.91302,16.60418
bytes,0.25,18.0,0.9113,17.06052
bytes,0.25,18.5,0.91024,17.51572
bytes,0.25,19.0,0.91021,17.97083
bytes,0.25,19.5,0.91015,18.42593
bytes,0.25,20.0,0.90828,18.8808
bytes,0.25,20.5,0.90644,19.33425
bytes,0.25,21.0,0.90639,19.78745
bytes,0.25,21.5,0.90639,20.24065
bytes,0.25,22.0,0.90548,20.69368
bytes,0.25,22.5,0.90456,21.14608
bytes,0.25,23.0,0.90451,21.59835
bytes,0.25,23.5,0.90281,22.05029
bytes,0.25,24.0,0.90092,22.50112
bytes,0.25,30.0,0.89533,27.88967
bytes,0.25,36.0,0.85174,33.03989
bytes,0.25,42.0,0.84546,38.14083
bytes,0.25,48.0,0.84257,43.20696
bytes,0.25,54.0,0.83871,48.25572
bytes,0.25,60.0,0.83807,53.28476
bytes,0.25,66.0,0.83806,58.31315
bytes,0.25,72.0,0.83775,63.34043
bytes,0.25,78.0,0.83664,68.36189
bytes,0.25,84.0,0.83662,73.38168
bytes,0.25,90.0,0.83635,78.40104
bytes,0.25,96.0,0.83629,83.41885
bytes,0.25,102.0,0.83615,88.43635
bytes,0.25,108.0,0.83614,93.45321
bytes,0.25,114.0,0.83612,98.47002
bytes,0.25,120.0,0.82969,103.48546
bytes,0.25,126.0,0.82456,108.43364
bytes,0.25,132.0,0.82456,113.38099
bytes,0.25,138.0,0.82455,118.3283
bytes,0.25,144.0,0.82452,123.27548
bytes,0.25,150.0,0.79713,128.14755
bytes,0.25,156.0,0.79679,132.92891
bytes,0.25,162.0,0.76858,137.62031
bytes,0.25,168.0,0.76799,142.22877
bytes,1.0,0.0,0.98908,0.49546
bytes,1.0,0.08333,0.98802,0.57784
bytes,1.0,0.16667,0.98714,0.66014
bytes,1.0,0.25,0.9863,0.74237
bytes,1.0,0.33333,0.98549,0.82452
bytes,1.0,0.41667,0.98458,0.90661
bytes,1.0,0.5,0.98355,0.98862
bytes,1.0,0.58333,0.98243,1.07053
bytes,1.0,0.66667,0.98132,1.15236
bytes,1.0,0.75,0.98024,1.23409
bytes,1.0,0.83333,0.97917,1.31573
bytes,1.0,0.91667,0.97809,1.39728
bytes,1.0,1.0,0.97701,1.47874
bytes,1.0,1.08333,0.97595,1.56012
bytes,1.0,1.16667,0.97496,1.6414
bytes,1.0,1.25,0.97406,1.72261
bytes,1.0,1.33333,0.97326,1.80375
bytes,1.0,1.41667,0.97252,1.88482
bytes,1.0,1.5,0.97186,1.96584
bytes,1.0,1.58333,0.97129,2.0468
bytes,1.0,1.66667,0.97071,2.12772
bytes,1.0,1.75,0.97012,2.20859
bytes,1.0,1.83333,0.96952,2.28941
bytes,1.0,1.91667,0.96892,2.37018
bytes,1.0,2.0,0.96832,2.45089
bytes,1.0,2.5,0.96499,2.93418
bytes,1.0,3.0,0.96212,3.41597
bytes,1.0,3.5,0.95779,3.89604
bytes,1.0,4.0,0.95294,4.37369
bytes,1.0,4.5,0.94995,4.84931
bytes,1.0,5.0,0.94815,5.32382
bytes,1.0,5.5,0.94598,5.79742
bytes,1.0,6.0,0.94293,6.26965
bytes,1.0,6.5,0.94095,6.74051
bytes,1.0,7.0,0.94048,7.21085
bytes,1.0,7.5,0.93957,7.68092
bytes,1.0,8.0,0.93825,8.15037
bytes,1.0,8.5,0.93748,8.61926
bytes,1.0,9.0,0.93721,9.08792
bytes,1.0,9.5,0.93641,9.55637
bytes,1.0,10.0,0.93529,10.02429
bytes,1.0,10.5,0.93476,10.49175
bytes,1.0,11.0,0.93456,10.95908
bytes,1.0,11.5,0.93384,11.42623
bytes,1.0,12.0,0.93291,11.89291
bytes,1.0,12.5,0.93261,12.35924
bytes,1.0,13.0,0.92844,12.82494
bytes,1.0,13.5,0.92056,13.28724
bytes,1.0,14.0,0.91646,13.74606
bytes,1.0,14.5,0.91605,14.20414
bytes,1.0,15.0,0.91597,14.66215
bytes,1.0,15.5,0.91483,15.1199
bytes,1.0,16.0,0.91342,15.57696
bytes,1.0,16.5,0.91307,16.03353
bytes,1.0,17.0,0.91302,16.49005
bytes,1.0,17.5,0.91189,16.94632
bytes,1.0,18.0,0.91051,17.40192
bytes,1.0,18.5,0.91022,17.85706
bytes,1.0,19.0,0.91015,18.31215
bytes,1.0,19.5,0.90878,18.76695
bytes,1.0,20.0,0.90695,19.22088
bytes,1.0,20.5,0.90641,19.67415
bytes,1.0,21.0,0.90634,20.12735
bytes,1.0,21.5,0.90566,20.58038
bytes,1.0,22.0,0.90479,21.03298
bytes,1.0,22.5,0.90439,21.48527
bytes,1.0,23.0,0.9032,21.93722
bytes,1.0,23.5,0.90136,22.38837
bytes,1.0,24.0,0.90034,22.83873
bytes,1.0,30.0,0.88905,28.22488
bytes,1.0,36.0,0.85167,33.35926
bytes,1.0,42.0,0.84546,38.45788
bytes,1.0,48.0,0.84244,43.52288
bytes,1.0,54.0,0.83842,48.57011
bytes,1.0,60.0,0.83807,53.59904
bytes,1.0,66.0,0.83804,58.62742
bytes,1.0,72.0,0.83774,63.65458
bytes,1.0,78.0,0.83664,68.67563
bytes,1.0,84.0,0.83662,73.69541
bytes,1.0,90.0,0.83632,78.71467
bytes,1.0,96.0,0.83629,83.73245
bytes,1.0,102.0,0.83615,88.7499
bytes,1.0,108.0,0.83614,93.76677
bytes,1.0,114.0,0.83611,98.78356
bytes,1.0,120.0,0.82604,103.7952
bytes,1.0,126.0,0.82456,108.74285
bytes,1.0,132.0,0.82456,113.6902
bytes,1.0,138.0,0.82454,118.63751
bytes,1.0,144.0,0.82452,123.58467
bytes,1.0,150.0,0.79707,128.44645
bytes,1.0,156.0,0.79679,133.22771
bytes,1.0,162.0,0.76845,137.90848
bytes,1.0,168.0,0.76798,142.51676
bytes,6.0,0.0,0.96627,2.9231
bytes,6.0,0.08333,0.96556,3.00359
bytes,6.0,0.16667,0.9649,3.08403
bytes,6.0,0.25,0.96426,3.16441
bytes,6.0,0.33333,0.96363,3.24474
bytes,6.0,0.41667,0.96299,3.32501
bytes,6.0,0.5,0.96235,3.40524
bytes,6.0,0.58333,0.96171,3.4854
bytes,6.0,0.66667,0.96108,3.56552
bytes,6.0,0.75,0.96045,3.64558
bytes,6.0,0.83333,0.95982,3.7256
bytes,6.0,0.91667,0.9592,3.80555
bytes,6.0,1.0,0.95858,3.88546
bytes,6.0,1.08333,0.95797,3.96532
bytes,6.0,1.16667,0.95738,4.04512
bytes,6.0,1.25,0.95681,4.12488
bytes,6.0,1.33333,0.95626,4.20459
bytes,6.0,1.41667,0.95575,4.28426
bytes,6.0,1.5,0.95525,4.36388
bytes,6.0,1.58333,0.95478,4.44347
bytes,6.0,1.66667,0.95431,4.52301
bytes,6.0,1.75,0.95385,4.60252
bytes,6.0,1.83333,0.95339,4.68199
bytes,6.0,1.91667,0.95294,4.76142
bytes,6.0,2.0,0.95249,4.84081
bytes,6.0,2.5,0.94987,5.3164
bytes,6.0,3.0,0.94748,5.79073
bytes,6.0,3.5,0.94529,6.26391
bytes,6.0,4.0,0.94333,6.73605
bytes,6.0,4.5,0.94172,7.2073
bytes,6.0,5.0,0.94038,7.67782
bytes,6.0,5.5,0.93919,8.14771
bytes,6.0,6.0,0.93812,8.61703
bytes,6.0,6.5,0.93717,9.08584
bytes,6.0,7.0,0.93645,9.55424
bytes,6.0,7.5,0.93578,10.02229
bytes,6.0,8.0,0.93444,10.48992
bytes,6.0,8.5,0.93261,10.95668
bytes,6.0,9.0,0.93081,11.42253
bytes,6.0,9.5,0.92904,11.8875
bytes,6.0,10.0,0.92727,12.35157
bytes,6.0,10.5,0.92544,12.81475
bytes,6.0,11.0,0.92363,13.27702
bytes,6.0,11.5,0.92183,13.73838
bytes,6.0,12.0,0.92004,14.19885
bytes,6.0,12.5,0.91817,14.6584
bytes,6.0,13.0,0.9163,15.11701
bytes,6.0,13.5,0.91444,15.5747
bytes,6.0,14.0,0.91325,16.03155
bytes,6.0,14.5,0.91247,16.48798
bytes,6.0,15.0,0.91167,16.94402
bytes,6.0,15.5,0.91087,17.39965
bytes,6.0,16.0,0.91006,17.85489
bytes,6.0,16.5,0.90934,18.30973
bytes,6.0,17.0,0.90862,18.76422
bytes,6.0,17.5,0.90789,19.21835
bytes,6.0,18.0,0.90699,19.67208
bytes,6.0,18.5,0.90614,20.12536
bytes,6.0,19.0,0.9053,20.57822
bytes,6.0,19.5,0.90446,21.03066
bytes,6.0,20.0,0.9036,21.48267
bytes,6.0,20.5,0.90283,21.93427
bytes,6.0,21.0,0.90212,22.38551
bytes,6.0,21.5,0.90141,22.83639
bytes,6.0,22.0,0.90071,23.28692
bytes,6.0,22.5,0.90006,23.73711
bytes,6.0,23.0,0.8994,24.18698
bytes,6.0,23.5,0.89872,24.6365
bytes,6.0,24.0,0.89821,25.08573
bytes,6.0,30.0,0.85928,30.37168
bytes,6.0,36.0,0.85029,35.48667
bytes,6.0,42.0,0.84441,40.56978
bytes,6.0,48.0,0.84154,45.6274
bytes,6.0,54.0,0.83819,50.66564
bytes,6.0,60.0,0.83807,55.6942
bytes,6.0,66.0,0.83789,60.72221
bytes,6.0,72.0,0.83693,65.74715
bytes,6.0,78.0,0.83663,70.76721
bytes,6.0,84.0,0.83657,75.7869
bytes,6.0,90.0,0.8363,80.80542
bytes,6.0,96.0,0.83625,85.82312
bytes,6.0,102.0,0.83614,90.84027
bytes,6.0,108.0,0.83613,95.85711
bytes,6.0,114.0,0.83602,100.87382
bytes,6.0,120.0,0.82482,105.85683
bytes,6.0,126.0,0.82456,110.80425
bytes,6.0,132.0,0.82455,115.75158
bytes,6.0,138.0,0.82453,120.69883
bytes,6.0,144.0,0.81258,125.63034
bytes,6.0,150.0,0.7969,130.43878
bytes,6.0,156.0,0.78249,135.19779
bytes,6.0,162.0,0.76809,139.82874
bytes,6.0,168.0,0.76796,144.43668
