a_h,C_frac,V_h
0.0,0.96627,2.9231
0.08333,0.96556,3.00359
0.16667,0.9649,3.08403
0.25,0.96426,3.16441
0.33333,0.96363,3.24474
0.41667,0.96299,3.32501
0.5,0.96235,3.40524
0.58333,0.96171,3.4854
0.66667,0.96108,3.56552
0.75,0.96045,3.64558
0.83333,0.95982,3.7256
0.91667,0.9592,3.80555
1.0,0.95858,3.88546
2.0,0.95249,4.84081
3.0,0.94748,5.79073
4.0,0.94333,6.73605
5.0,0.94038,7.67782
6.0,0.93812,8.61703
7.0,0.93645,9.55424
8.0,0.93444,10.48992
9.0,0.93081,11.42253
10.0,0.92727,12.35157
11.0,0.92363,13.27702
12.0,0.92004,14.19885
13.0,0.9163,15.11701
14.0,0.91325,16.03155
15.0,0.91167,16.94402
16.0,0.91006,17.85489
17.0,0.90862,18.76422
18.0,0.90699,19.67208
19.0,0.9053,20.57822
20.0,0.9036,21.48267
21.0,0.90212,22.38551
22.0,0.90071,23.28692
23.0,0.8994,24.18698
24.0,0.89821,25.08573
30.0,0.85928,30.37168
36.0,0.85029,35.48667
42.0,0.84441,40.56978
48.0,0.84154,45.6274
54.0,0.83819,50.66564
60.0,0.83807,55.6942
66.0,0.83789,60.72221
72.0,0.83693,65.74715
78.0,0.83663,70.76721
84.0,0.83657,75.7869
90.0,0.8363,80.80542
96.0,0.83625,85.82312
102.0,0.83614,90.84027
108.0,0.83613,95.85711
114.0,0.83602,100.87382
120.0,0.82482,105.85683
126.0,0.82456,110.80425
132.0,0.82455,115.75158
138.0,0.82453,120.69883
144.0,0.81258,125.63034
150.0,0.7969,130.43878
156.0,0.78249,135.19779
162.0,0.76809,139.82874
168.0,0.76796,144.43668
174.0,0.76795,149.0444
180.0,0.76792,153.65202
186.0,0.76769,158.25901
192.0,0.76753,162.86447
198.0,0.76728,167.46913
204.0,0.76713,172.07212
210.0,0.76708,176.67477
216.0,0.76705,181.27712
222.0,0.76705,185.87944
228.0,0.76703,190.48169
234.0,0.76692,195.08368
240.0,0.76638,199.68466
246.0,0.74078,204.2262
252.0,0.713,208.56684
258.0,0.71277,212.8436
264.0,0.71276,217.1202
270.0,0.71276,221.39676
276.0,0.71276,225.6733
282.0,0.71275,229.94981
288.0,0.7124,234.22541
294.0,0.71231,238.49936
300.0,0.71229,242.77312
306.0,0.71228,247.04682
312.0,0.71213,251.32008
318.0,0.71211,255.59277
324.0,0.7121,259.8654
330.0,0.7121,264.13799
336.0,0.71208,268.41057
