p_h,C_frac,V_h,bound_h
0.0,0.98813,0.49581,0.5
0.08333,0.98795,0.53698,0.54167
0.16667,0.98768,0.57813,0.58333
0.25,0.98737,0.61927,0.625
0.33333,0.98707,0.66039,0.66667
0.41667,0.9868,0.70149,0.70833
0.5,0.98653,0.74258,0.75
0.58333,0.98627,0.78366,0.79167
0.66667,0.9859,0.82471,0.83333
0.75,0.98542,0.86574,0.875
0.83333,0.98487,0.90674,0.91667
0.91667,0.98424,0.9477,0.95833
1.0,0.98355,0.98862,1.0
1.25,0.98167,1.11112,1.125
1.5,0.98018,1.23336,1.25
1.75,0.97893,1.35538,1.375
2.0,0.97771,1.47723,1.5
2.25,0.97654,1.59889,1.625
2.5,0.97544,1.72037,1.75
2.75,0.97443,1.8417,1.875
3.0,0.97347,1.96288,2.0
3.25,0.97255,2.08392,2.125
3.5,0.97163,2.20483,2.25
3.75,0.97064,2.32559,2.375
4.0,0.96955,2.44617,2.5
4.25,0.96848,2.56657,2.625
4.5,0.96748,2.6868,2.75
4.75,0.96653,2.80687,2.875
5.0,0.96563,2.9268,3.0
5.25,0.96478,3.04659,3.125
5.5,0.96397,3.16626,3.25
5.75,0.96319,3.28581,3.375
6.0,0.96235,3.40524,3.5
6.25,0.96152,3.52453,3.625
6.5,0.96073,3.6437,3.75
6.75,0.95999,3.76276,3.875
7.0,0.9593,3.8817,4.0
7.25,0.95865,4.00056,4.125
7.5,0.95803,4.11932,4.25
7.75,0.95744,4.23801,4.375
8.0,0.95683,4.35661,4.5
8.25,0.95625,4.47512,4.625
8.5,0.9557,4.59356,4.75
8.75,0.95518,4.71193,4.875
9.0,0.95468,4.83023,5.0
9.25,0.95421,4.94847,5.125
9.5,0.95376,5.06665,5.25
9.75,0.95331,5.18478,5.375
10.0,0.95285,5.30285,5.5
10.25,0.95242,5.42086,5.625
10.5,0.952,5.53881,5.75
10.75,0.95159,5.65671,5.875
11.0,0.95121,5.77457,6.0
11.25,0.95084,5.89237,6.125
11.5,0.95048,6.01014,6.25
11.75,0.95012,6.12786,6.375
12.0,0.94976,6.24554,6.5
